   Page_Url,Page_Type,Primary_Keyword,Secondary_Keywords,SEO_Optimized_Title,Last_Updated
https://retailstore.com/products/bed-frame-12,Blog,bed frame,"wooden frame, storage bed, queen size bed",Top Bed Frame Designs for 2025,2025-04-22 00:00:00
https://retailstore.com/products/bed-frame-17,Product,bed frame,"queen size bed, wooden frame, modern bed design",Bed Frame for Urban Living – Trending 2025,2025-02-06 00:00:00
https://retailstore.com/products/bed-frame-23,Product,bed frame,"storage bed, wooden frame, queen size bed",Bed Frame with Storage – Shop Now,2023-03-10 00:00:00
https://retailstore.com/products/bed-frame-26,Blog,bed frame,"wooden frame, storage bed, queen size bed",Top Bed Frame Designs for 2025,2022-11-15 00:00:00
https://retailstore.com/products/bed-frame-4,Blog,bed frame,"queen size bed, storage bed, modern bed design",Bed Frame for Small Spaces – 2025 Trends,2024-03-08 00:00:00
https://retailstore.com/products/bed-frame-43,Product,bed frame,"storage bed, queen size bed, wooden frame",Bed Frame for Small Spaces – 2025 Trends,2022-11-21 00:00:00
https://retailstore.com/products/bed-frame-49,Product,bed frame,"modern bed design, queen size bed, storage bed",Best Bed Frame for Modern Homes,2024-03-11 00:00:00
https://retailstore.com/products/bookshelf-1,Product,bookshelf,"bookshelf with drawers, ladder style, kids bookshelf",Top Bookshelf Designs for 2025,2022-03-09 00:00:00
https://retailstore.com/products/bookshelf-29,Product,bookshelf,"kids bookshelf, ladder style, wooden shelf",Bookshelf for Urban Living – Trending 2025,2023-01-18 00:00:00
https://retailstore.com/products/bookshelf-3,Product,bookshelf,"bookshelf with drawers, ladder style, kids bookshelf",Top Bookshelf Designs for 2025,2023-01-24 00:00:00
https://retailstore.com/products/bookshelf-50,Blog,bookshelf,"ladder style, wooden shelf, kids bookshelf",Top Bookshelf Designs for 2022,2024-12-17 00:00:00
https://retailstore.com/products/bookshelf-6,Blog,bookshelf,"ladder style, bookshelf with drawers, kids bookshelf",Bookshelf Buying Guide 2022,2024-03-09 00:00:00
https://retailstore.com/products/dining-table-11,Product,dining table,"glass top table, 6 seater dining, wooden dining",Best Dining Table for Modern Homes,2024-10-18 00:00:00
https://retailstore.com/products/dining-table-21,Product,dining table,"glass top table, wooden dining, 6 seater dining",Best Dining Table Picks – 2023 Edition,2024-03-21 00:00:00
https://retailstore.com/products/dining-table-33,Product,dining table,"glass top table, wooden dining, 6 seater dining",Dining Table for Small Spaces – 2025 Trends,2024-09-25 00:00:00
https://retailstore.com/products/dining-table-36,Blog,dining table,"6 seater dining, foldable table, wooden dining",Dining Table for Small Spaces – 2025 Trends,2022-05-17 00:00:00
https://retailstore.com/products/dining-table-5,Product,dining table,"glass top table, wooden dining, 6 seater dining",Dining Table for Small Spaces – 2025 Trends,2023-08-02 00:00:00
https://retailstore.com/products/kitchen-cabinet-10,Blog,kitchen cabinet,"kitchen cupboard, wall cabinet, modular kitchen",Kitchen Cabinet with Storage – Shop Now,2024-02-18 00:00:00
https://retailstore.com/products/kitchen-cabinet-14,Blog,kitchen cabinet,"kitchen cupboard, wall cabinet, laminate finish",Top Kitchen Cabinet Designs for 2025,2022-02-01 00:00:00
https://retailstore.com/products/kitchen-cabinet-15,Product,kitchen cabinet,"kitchen cupboard, laminate finish, modular kitchen",Top Kitchen Cabinet Designs for 2022,2024-06-12 00:00:00
https://retailstore.com/products/kitchen-cabinet-20,Blog,kitchen cabinet,"kitchen cupboard, wall cabinet, modular kitchen",Best Kitchen Cabinet Picks – 2023 Edition,2023-01-13 00:00:00
https://retailstore.com/products/kitchen-cabinet-28,Blog,kitchen cabinet,"modular kitchen, laminate finish, kitchen cupboard",Top Kitchen Cabinet Designs for 2022,2022-01-18 00:00:00
https://retailstore.com/products/kitchen-cabinet-37,Product,kitchen cabinet,"kitchen cupboard, modular kitchen, wall cabinet",Kitchen Cabinet Buying Guide 2022,2023-09-06 00:00:00
https://retailstore.com/products/kitchen-cabinet-38,Blog,kitchen cabinet,"kitchen cupboard, wall cabinet, laminate finish",Best Kitchen Cabinet Picks – 2023 Edition,2023-10-30 00:00:00
https://retailstore.com/products/kitchen-cabinet-44,Blog,kitchen cabinet,"kitchen cupboard, wall cabinet, modular kitchen",Kitchen Cabinet with Storage – Shop Now,2022-11-25 00:00:00
https://retailstore.com/products/kitchen-cabinet-47,Product,kitchen cabinet,"kitchen cupboard, laminate finish, wall cabinet",Best Kitchen Cabinet for Modern Homes,2024-05-13 00:00:00
https://retailstore.com/products/office-chair-16,Blog,office chair,"office chair under 5000, mesh back, ergonomic",Best Office Chair for Modern Homes,2023-08-23 00:00:00
https://retailstore.com/products/office-chair-25,Product,office chair,"mesh back, ergonomic, office chair under 5000",Office Chair Buying Guide 2022,2024-03-07 00:00:00
https://retailstore.com/products/office-chair-27,Product,office chair,"lumbar support, ergonomic, mesh back",Office Chair for Urban Living – Trending 2025,2025-02-03 00:00:00
https://retailstore.com/products/office-chair-31,Product,office chair,"office chair under 5000, mesh back, lumbar support",Office Chair for Small Spaces – 2025 Trends,2024-11-21 00:00:00
https://retailstore.com/products/office-chair-39,Product,office chair,"lumbar support, ergonomic, office chair under 5000",Best Office Chair for Modern Homes,2022-11-26 00:00:00
https://retailstore.com/products/office-chair-42,Blog,office chair,"lumbar support, mesh back, ergonomic",Best Office Chair for Modern Homes,2024-06-01 00:00:00
https://retailstore.com/products/office-chair-7,Product,office chair,"office chair under 5000, lumbar support, mesh back",Top Office Chair Designs for 2025,2022-03-31 00:00:00
https://retailstore.com/products/running-shoes-40,Blog,running shoes,"track shoes, gym shoes, shoes under 3000",Top Running Shoes Designs for 2025,2022-03-29 00:00:00
https://retailstore.com/products/sofa-13,Product,sofa,"sofa for small space, corner sofa, leatherette sofa",Sofa for Small Spaces – 2025 Trends,2024-12-29 00:00:00
https://retailstore.com/products/sofa-22,Blog,sofa,"modular sofa, leatherette sofa, corner sofa",Sofa for Small Spaces – 2025 Trends,2022-12-15 00:00:00
https://retailstore.com/products/sofa-30,Blog,sofa,"sofa for small space, leatherette sofa, modular sofa",Sofa for Small Spaces – 2025 Trends,2024-10-02 00:00:00
https://retailstore.com/products/sofa-32,Blog,sofa,"leatherette sofa, modular sofa, corner sofa",Sofa with Storage – Shop Now,2023-02-16 00:00:00
https://retailstore.com/products/sofa-34,Blog,sofa,"sofa for small space, leatherette sofa, modular sofa",Sofa for Urban Living – Trending 2025,2023-07-03 00:00:00
https://retailstore.com/products/TV-unit-18,Blog,TV unit,"TV stand, wall mount unit, cabinet with storage",Top Tv Unit Designs for 2022,2024-04-13 00:00:00
https://retailstore.com/products/TV-unit-2,Blog,TV unit,"TV stand, cabinet with storage, wall mount unit",Best Tv Unit for Modern Homes,2023-07-26 00:00:00
https://retailstore.com/products/wardrobe-35,Product,wardrobe,"wooden wardrobe, 2 door, sliding wardrobe",Wardrobe with Storage – Shop Now,2023-06-09 00:00:00
https://retailstore.com/products/wardrobe-46,Blog,wardrobe,"2 door, mirror wardrobe, sliding wardrobe",Wardrobe Buying Guide 2022,2025-01-08 00:00:00
https://retailstore.com/products/wardrobe-48,Blog,wardrobe,"2 door, sliding wardrobe, mirror wardrobe",Top Wardrobe Designs for 2022,2024-05-28 00:00:00
https://retailstore.com/products/wardrobe-9,Product,wardrobe,"wooden wardrobe, sliding wardrobe, mirror wardrobe",Best Wardrobe for Modern Homes,2025-01-21 00:00:00
https://retailstore.com/products/water-bottle-19,Product,water bottle,"steel bottle, BPA-free, eco bottle",Water Bottle with Storage – Shop Now,2024-03-31 00:00:00
https://retailstore.com/products/water-bottle-24,Blog,water bottle,"BPA-free, reusable bottle, steel bottle",Best Water Bottle for Modern Homes,2023-05-08 00:00:00
https://retailstore.com/products/water-bottle-41,Product,water bottle,"steel bottle, reusable bottle, BPA-free",Water Bottle for Small Spaces – 2025 Trends,2024-10-22 00:00:00
https://retailstore.com/products/water-bottle-45,Product,water bottle,"eco bottle, BPA-free, steel bottle",Top Water Bottle Designs for 2025,2023-05-18 00:00:00
https://retailstore.com/products/water-bottle-8,Blog,water bottle,"eco bottle, BPA-free, steel bottle",Best Water Bottle for Modern Homes,2024-11-19 00:00:00
